DROP TABLE IF EXISTS "language";
CREATE TABLE language (
            code TEXT PRIMARY KEY,
            name TEXT NOT NULL
          );
INSERT INTO "language" VALUES('aa','Afar');
INSERT INTO "language" VALUES('ab','Abkhazian');
INSERT INTO "language" VALUES('ae','Avestan');
INSERT INTO "language" VALUES('af','Afrikaans');
INSERT INTO "language" VALUES('ak','Akan');
INSERT INTO "language" VALUES('am','Amharic');
INSERT INTO "language" VALUES('an','Aragonese');
INSERT INTO "language" VALUES('ar','Arabic');
INSERT INTO "language" VALUES('as','Assamese');
INSERT INTO "language" VALUES('av','Avaric');
INSERT INTO "language" VALUES('ay','Aymara');
INSERT INTO "language" VALUES('az','Azerbaijani');
INSERT INTO "language" VALUES('ba','Bashkir');
INSERT INTO "language" VALUES('be','Belarusian');
INSERT INTO "language" VALUES('bg','Bulgarian');
INSERT INTO "language" VALUES('bh','Bihari languages');
INSERT INTO "language" VALUES('bi','Bislama');
INSERT INTO "language" VALUES('bm','Bambara');
INSERT INTO "language" VALUES('bn','Bengali');
INSERT INTO "language" VALUES('bo','Tibetan');
INSERT INTO "language" VALUES('br','Breton');
INSERT INTO "language" VALUES('bs','Bosnian');
INSERT INTO "language" VALUES('ca','Catalan; Valencian');
INSERT INTO "language" VALUES('ce','Chechen');
INSERT INTO "language" VALUES('ch','Chamorro');
INSERT INTO "language" VALUES('co','Corsican');
INSERT INTO "language" VALUES('cr','Cree');
INSERT INTO "language" VALUES('cs','Czech');
INSERT INTO "language" VALUES('cu','Church Slavic; Old Slavonic; Church Slavonic; Old Bulgarian; Old Church Slavonic');
INSERT INTO "language" VALUES('cv','Chuvash');
INSERT INTO "language" VALUES('cy','Welsh');
INSERT INTO "language" VALUES('da','Danish');
INSERT INTO "language" VALUES('de','German');
INSERT INTO "language" VALUES('dv','Divehi; Dhivehi; Maldivian');
INSERT INTO "language" VALUES('dz','Dzongkha');
INSERT INTO "language" VALUES('ee','Ewe');
INSERT INTO "language" VALUES('el','Greek, Modern (1453-)');
INSERT INTO "language" VALUES('en','English');
INSERT INTO "language" VALUES('eo','Esperanto');
INSERT INTO "language" VALUES('es','Spanish; Castilian');
INSERT INTO "language" VALUES('et','Estonian');
INSERT INTO "language" VALUES('eu','Basque');
INSERT INTO "language" VALUES('fa','Persian');
INSERT INTO "language" VALUES('ff','Fulah');
INSERT INTO "language" VALUES('fi','Finnish');
INSERT INTO "language" VALUES('fj','Fijian');
INSERT INTO "language" VALUES('fo','Faroese');
INSERT INTO "language" VALUES('fr','French');
INSERT INTO "language" VALUES('fy','Western Frisian');
INSERT INTO "language" VALUES('ga','Irish');
INSERT INTO "language" VALUES('gd','Gaelic; Scottish Gaelic');
INSERT INTO "language" VALUES('gl','Galician');
INSERT INTO "language" VALUES('gn','Guarani');
INSERT INTO "language" VALUES('gu','Gujarati');
INSERT INTO "language" VALUES('gv','Manx');
INSERT INTO "language" VALUES('ha','Hausa');
INSERT INTO "language" VALUES('he','Hebrew');
INSERT INTO "language" VALUES('hi','Hindi');
INSERT INTO "language" VALUES('ho','Hiri Motu');
INSERT INTO "language" VALUES('hr','Croatian');
INSERT INTO "language" VALUES('ht','Haitian; Haitian Creole');
INSERT INTO "language" VALUES('hu','Hungarian');
INSERT INTO "language" VALUES('hy','Armenian');
INSERT INTO "language" VALUES('hz','Herero');
INSERT INTO "language" VALUES('ia','Interlingua (International Auxiliary Language Association)');
INSERT INTO "language" VALUES('id','Indonesian');
INSERT INTO "language" VALUES('ie','Interlingue; Occidental');
INSERT INTO "language" VALUES('ig','Igbo');
INSERT INTO "language" VALUES('ii','Sichuan Yi; Nuosu');
INSERT INTO "language" VALUES('ik','Inupiaq');
INSERT INTO "language" VALUES('io','Ido');
INSERT INTO "language" VALUES('is','Icelandic');
INSERT INTO "language" VALUES('it','Italian');
INSERT INTO "language" VALUES('iu','Inuktitut');
INSERT INTO "language" VALUES('ja','Japanese');
INSERT INTO "language" VALUES('jv','Javanese');
INSERT INTO "language" VALUES('ka','Georgian');
INSERT INTO "language" VALUES('kg','Kongo');
INSERT INTO "language" VALUES('ki','Kikuyu; Gikuyu');
INSERT INTO "language" VALUES('kj','Kuanyama; Kwanyama');
INSERT INTO "language" VALUES('kk','Kazakh');
INSERT INTO "language" VALUES('kl','Kalaallisut; Greenlandic');
INSERT INTO "language" VALUES('km','Central Khmer');
INSERT INTO "language" VALUES('kn','Kannada');
INSERT INTO "language" VALUES('ko','Korean');
INSERT INTO "language" VALUES('kr','Kanuri');
INSERT INTO "language" VALUES('ks','Kashmiri');
INSERT INTO "language" VALUES('ku','Kurdish');
INSERT INTO "language" VALUES('kv','Komi');
INSERT INTO "language" VALUES('kw','Cornish');
INSERT INTO "language" VALUES('ky','Kirghiz; Kyrgyz');
INSERT INTO "language" VALUES('la','Latin');
INSERT INTO "language" VALUES('lb','Luxembourgish; Letzeburgesch');
INSERT INTO "language" VALUES('lg','Ganda');
INSERT INTO "language" VALUES('li','Limburgan; Limburger; Limburgish');
INSERT INTO "language" VALUES('ln','Lingala');
INSERT INTO "language" VALUES('lo','Lao');
INSERT INTO "language" VALUES('lt','Lithuanian');
INSERT INTO "language" VALUES('lu','Luba-Katanga');
INSERT INTO "language" VALUES('lv','Latvian');
INSERT INTO "language" VALUES('mg','Malagasy');
INSERT INTO "language" VALUES('mh','Marshallese');
INSERT INTO "language" VALUES('mi','Maori');
INSERT INTO "language" VALUES('mk','Macedonian');
INSERT INTO "language" VALUES('ml','Malayalam');
INSERT INTO "language" VALUES('mn','Mongolian');
INSERT INTO "language" VALUES('mr','Marathi');
INSERT INTO "language" VALUES('ms','Malay');
INSERT INTO "language" VALUES('mt','Maltese');
INSERT INTO "language" VALUES('my','Burmese');
INSERT INTO "language" VALUES('na','Nauru');
INSERT INTO "language" VALUES('nb','Bokmål, Norwegian; Norwegian Bokmål');
INSERT INTO "language" VALUES('nd','Ndebele, North; North Ndebele');
INSERT INTO "language" VALUES('ne','Nepali');
INSERT INTO "language" VALUES('ng','Ndonga');
INSERT INTO "language" VALUES('nl','Dutch; Flemish');
INSERT INTO "language" VALUES('nn','Norwegian Nynorsk; Nynorsk, Norwegian');
INSERT INTO "language" VALUES('no','Norwegian');
INSERT INTO "language" VALUES('nr','Ndebele, South; South Ndebele');
INSERT INTO "language" VALUES('nv','Navajo; Navaho');
INSERT INTO "language" VALUES('ny','Chichewa; Chewa; Nyanja');
INSERT INTO "language" VALUES('oc','Occitan (post 1500); Provençal');
INSERT INTO "language" VALUES('oj','Ojibwa');
INSERT INTO "language" VALUES('om','Oromo');
INSERT INTO "language" VALUES('or','Oriya');
INSERT INTO "language" VALUES('os','Ossetian; Ossetic');
INSERT INTO "language" VALUES('pa','Panjabi; Punjabi');
INSERT INTO "language" VALUES('pi','Pali');
INSERT INTO "language" VALUES('pl','Polish');
INSERT INTO "language" VALUES('ps','Pushto; Pashto');
INSERT INTO "language" VALUES('pt','Portuguese');
INSERT INTO "language" VALUES('qu','Quechua');
INSERT INTO "language" VALUES('rm','Romansh');
INSERT INTO "language" VALUES('rn','Rundi');
INSERT INTO "language" VALUES('ro','Romanian; Moldavian; Moldovan');
INSERT INTO "language" VALUES('ru','Russian');
INSERT INTO "language" VALUES('rw','Kinyarwanda');
INSERT INTO "language" VALUES('sa','Sanskrit');
INSERT INTO "language" VALUES('sc','Sardinian');
INSERT INTO "language" VALUES('sd','Sindhi');
INSERT INTO "language" VALUES('se','Northern Sami');
INSERT INTO "language" VALUES('sg','Sango');
INSERT INTO "language" VALUES('si','Sinhala; Sinhalese');
INSERT INTO "language" VALUES('sk','Slovak');
INSERT INTO "language" VALUES('sl','Slovenian');
INSERT INTO "language" VALUES('sm','Samoan');
INSERT INTO "language" VALUES('sn','Shona');
INSERT INTO "language" VALUES('so','Somali');
INSERT INTO "language" VALUES('sq','Albanian');
INSERT INTO "language" VALUES('sr','Serbian');
INSERT INTO "language" VALUES('ss','Swati');
INSERT INTO "language" VALUES('st','Sotho, Southern');
INSERT INTO "language" VALUES('su','Sundanese');
INSERT INTO "language" VALUES('sv','Swedish');
INSERT INTO "language" VALUES('sw','Swahili');
INSERT INTO "language" VALUES('ta','Tamil');
INSERT INTO "language" VALUES('te','Telugu');
INSERT INTO "language" VALUES('tg','Tajik');
INSERT INTO "language" VALUES('th','Thai');
INSERT INTO "language" VALUES('ti','Tigrinya');
INSERT INTO "language" VALUES('tk','Turkmen');
INSERT INTO "language" VALUES('tl','Tagalog');
INSERT INTO "language" VALUES('tn','Tswana');
INSERT INTO "language" VALUES('to','Tonga (Tonga Islands)');
INSERT INTO "language" VALUES('tr','Turkish');
INSERT INTO "language" VALUES('ts','Tsonga');
INSERT INTO "language" VALUES('tt','Tatar');
INSERT INTO "language" VALUES('tw','Twi');
INSERT INTO "language" VALUES('ty','Tahitian');
INSERT INTO "language" VALUES('ug','Uighur; Uyghur');
INSERT INTO "language" VALUES('uk','Ukrainian');
INSERT INTO "language" VALUES('ur','Urdu');
INSERT INTO "language" VALUES('uz','Uzbek');
INSERT INTO "language" VALUES('ve','Venda');
INSERT INTO "language" VALUES('vi','Vietnamese');
INSERT INTO "language" VALUES('vo','Volapük');
INSERT INTO "language" VALUES('wa','Walloon');
INSERT INTO "language" VALUES('wo','Wolof');
INSERT INTO "language" VALUES('xh','Xhosa');
INSERT INTO "language" VALUES('yi','Yiddish');
INSERT INTO "language" VALUES('yo','Yoruba');
INSERT INTO "language" VALUES('za','Zhuang; Chuang');
INSERT INTO "language" VALUES('zh','Chinese');
INSERT INTO "language" VALUES('zu','Zulu');
DROP TABLE IF EXISTS "quote";
CREATE TABLE quote (
            id INTEGER PRIMARY KEY AUTOINCREMENT,
            author TEXT NOT NULL,
            content TEXT NOT NULL,
            language TEXT NOT NULL,
            FOREIGN KEY(language) REFERENCES language(code)
          );
INSERT INTO "quote" VALUES(1,'Dr. Seuss','Don''t cry because it's over, smile because it happened.','en');
INSERT INTO "quote" VALUES(2,'Albert Einstein','Two things are infinite: the universe and human stupidity; and I''m not sure about the universe.','en');
INSERT INTO "quote" VALUES(3,'William Shakespeare','Love all, trust a few, do wrong to none.','en');
INSERT INTO "quote" VALUES(4,'르네 데카르트','나는 생각한다, 그러므로 나는 존재한다.','ko');
INSERT INTO "quote" VALUES(5,'Albert Einstein','Any fool can know. The point is to understand.','en');
INSERT INTO "quote" VALUES(6,'알버트 아인슈타인','어느 바보라도 알 수는 있다. 중요한건 이해하는 것이다.','ko');
INSERT INTO "quote" VALUES(7,'Ralph Waldo Emerson','For every minute you are angry you lose sixty seconds of happiness.','en');
INSERT INTO "quote" VALUES(8,'랠프 월도 에머슨','1분간 화낼 때마다 당신은 60초의 행복을 놓치는 것이다.','ko');
INSERT INTO "quote" VALUES(9,'Nicolas Chamfort','A day without laughter is a day wasted.','en');
INSERT INTO "quote" VALUES(10,'니콜라스 샹포르','웃음이 없는 날은 쓸모 없는 날이다.','ko');
INSERT INTO "quote" VALUES(11,'Oscar Wilde','Be yourself; everyone else is already taken.','en');
INSERT INTO "quote" VALUES(12,'오스카 와일드','너 자신이 되라; 다른 사람은 이미 있다.','ko');
INSERT INTO "quote" VALUES(13,'Friedrich Nietzsche','Without music, life would be a mistake.','en');
INSERT INTO "quote" VALUES(14,'프리드리히 니체','음악이 없다면 삶은 실수가 될 것이다.','ko');
INSERT INTO "quote" VALUES(15,'Thomas A. Edison','I have not failed. I''ve just found 10,000 ways that won't work.','en');
INSERT INTO "quote" VALUES(16,'토머스 에디슨','나는 실패하지 않았다. 나는 방금 작동하지 않는 10,000가지 방법을 찾았다.','ko');
INSERT INTO "quote" VALUES(17,'Eleanor Roosevelt','No one can make you feel inferior without your consent.','en');
INSERT INTO "quote" VALUES(18,'엘리너 루스벨트','아무도 당신의 동의 없이 당신에게 열등감을 느끼게 할 수 없다.','ko');
INSERT INTO "quote" VALUES(19,'Aristotle','Knowing yourself is the beginning of all wisdom.','en');
INSERT INTO "quote" VALUES(20,'아리스토텔레스','자신을 아는 것은 모든 지혜의 시작이다.','ko');
INSERT INTO "quote" VALUES(21,'Socrates','The only true wisdom is in knowing you know nothing.','en');
INSERT INTO "quote" VALUES(22,'소크라테스','유일한 진짜 지혜는 자신이 아무것도 알지 못한다는 것을 아는 것이다.','ko');
INSERT INTO "quote" VALUES(23,'Robert Frost','In three words I can sum up everything I''ve learned about life: it goes on.','en');
INSERT INTO "quote" VALUES(24,'로버트 프로스트','세단어로 내가 인생에 대해 배운 모든 것을 요약 할 수있다: 삶은 계속 된다(it goes on).','ko');
INSERT INTO "quote" VALUES(25,'Pablo Picasso','Everything you can imagine is real.','en');
INSERT INTO "quote" VALUES(26,'파블로 피카소','당신이 상상할 수 있는 모든 것은 진짜이다.','ko');
INSERT INTO "quote" VALUES(27,'Virginia Woolf','You cannot find peace by avoiding life.','en');
INSERT INTO "quote" VALUES(28,'버지니아 울프','인생을 피해서는 평화를 찾을 수 없다.','ko');
INSERT INTO "quote" VALUES(29,'Winston S. Churchill','Success is not final, failure is not fatal: it is the courage to continue that counts.','en');
INSERT INTO "quote" VALUES(30,'윈스턴 처칠','성공은 마지막이 아니며, 실패는 치명적이지 않다. 중요한건 계속하는 용기이다.','ko');
INSERT INTO "quote" VALUES(31,'ウィンストン・チャーチル','成功があがりでもなければ、失敗が終わりでもない。肝心なのは、続ける勇気である。','ja');
INSERT INTO "quote" VALUES(32,'Albert Einstein','Try not to become a man of success. Rather become a man of value.','en');
INSERT INTO "quote" VALUES(33,'알베르트 아인슈타인','성공한 사람보다는 가치있는 사람이 되려 하라.','ko');
INSERT INTO "quote" VALUES(34,'닥터 수스','이미 끝났으니 울지마라, 이미 지나갔으니 웃어라.','en');
INSERT INTO "quote" VALUES(35,'알베르트 아인슈타인','이 두가지는 무한하다: 우주와 인간의 어리석음; 그리고 나는 우주에 관해서는 확신하지 못한다.','ko');
INSERT INTO "quote" VALUES(50,'윌리엄 셰익스피어','사랑은 모두에게, 신뢰는 소수에게만, 잘못하는건 없도록.','ko');
INSERT INTO "quote" VALUES(51,'마틴 루터 킹 주니어','어둠이 어둠을 몰아낼 수 없으며 오직 빛만이 어둠을 몰아낼 수 있다. 증오를 증오로 몰아낼 수 없으며 오직 사랑만이 증오를 몰아낼 수 있다.','ko');
INSERT INTO "quote" VALUES(52,'ウィリアム・シェイクスピア','全てを愛し、少なきを信じ、過ち無き事を。','ja');
INSERT INTO "quote" VALUES(53,'René Descartes','I think; therefore I am.','en');
INSERT INTO "quote" VALUES(54,'엘버트 허바드','친구란 당신에 대해 모든것을 알고 있음에도 여전히 당신을 사랑하는 사람이다.','ko');
INSERT INTO "quote" VALUES(55,'Elbert Hubbard','A friend is someone who knows all about you and still loves you.','en');
INSERT INTO "quote" VALUES(56,'Martin Luther King Jr.','Darkness cannot drive out darkness: only light can do that. Hate cannot drive out hate: only love can do that.','en');
INSERT INTO "quote" VALUES(57,'Friedrich Nietzsche','It is not a lack of love, but a lack of friendship that makes unhappy marriages.','en');
INSERT INTO "quote" VALUES(58,'Friedrich Nietzsche','I''m not upset that you lied to me, I'm upset that from now on I can't believe you.','en');
INSERT INTO "quote" VALUES(59,'フリードリヒ・ニーチェ','あなたが私に嘘をついた事に腹が立ったのではなく、今から私があなたを信じなくなったのが腹が立つ。','ja');
INSERT INTO "quote" VALUES(60,'프리드리히 니체','당신이 나에게 거짓말을 한 것에 화난 게 아니다, 나는 이제 당신을 믿을 수 없음에 화가 난 것이다.','ko');
INSERT INTO "quote" VALUES(61,'프리드리히 니체','애정의 결핍이 아니라 우정의 결핍이 불행한 결혼을 만든다.','ko');
INSERT INTO "quote" VALUES(62,'프리드리히 니체','나를 죽이지 않는 모든 것은 나를 더욱 강하게 한다.','ko');
INSERT INTO "quote" VALUES(63,'フリードリヒ・ニーチェ','不幸な結婚とは、愛の欠如ではなく、友情の欠如から生まれる。','ja');
INSERT INTO "quote" VALUES(64,'フリードリヒ・ニーチェ','私を殺さないものは、私をいっそう強くする。','ja');
INSERT INTO "quote" VALUES(65,'Friedrich Nietzsche','That which does not kill us makes us stronger.','en');
INSERT INTO "quote" VALUES(66,'Friedrich Nietzsche','And those who were seen dancing were thought to be insane by those who could not hear the music.','en');
INSERT INTO "quote" VALUES(67,'フリードリヒ・ニーチェ','音楽を聴くことができない人から見ると、踊っている人は正気には思えない。','ja');
INSERT INTO "quote" VALUES(68,'프리드리히 니체','음악을 못 듣는 사람에게는 춤추는 사람이 제정신이라고 생각하지 않을 것이다.','ko');
INSERT INTO "quote" VALUES(69,'William Shakespeare','The fool doth think he is wise, but the wise man knows himself to be a fool.','en');
INSERT INTO "quote" VALUES(70,'ウィリアム・シェイクスピア','愚か者は己を賢いと思うが、賢い者は己の愚かさを知っている。','ja');
INSERT INTO "quote" VALUES(71,'윌리엄 셰익스피어','어리석은 자는 자신이 지혜롭다고 생각하지만, 지혜로운 자는 자신의 어리석음을 알고 있다.','ko');
INSERT INTO "quote" VALUES(72,'Mahatma Gandhi','Be the change that you wish to see in the world.','en');
INSERT INTO "quote" VALUES(73,'マハトマ・ガンディー','世界の中で自分が見たいと思う変化に、あなたがなりなさい。','ja');
INSERT INTO "quote" VALUES(74,'마하트마 간디','당신이 세상에서 보고싶은 변화, 당신 스스로가 그 변화가 되어라.','ko');
DROP TABLE IF EXISTS "quote_tag";
CREATE TABLE quote_tag (
            quote_id INTEGER NOT NULL,
            tag_id INTEGER NOT NULL,
            PRIMARY KEY (quote_id, tag_id)
          );
INSERT INTO "quote_tag" VALUES(2,4);
INSERT INTO "quote_tag" VALUES(3,1);
INSERT INTO "quote_tag" VALUES(4,5);
INSERT INTO "quote_tag" VALUES(2,28);
INSERT INTO "quote_tag" VALUES(3,29);
INSERT INTO "quote_tag" VALUES(2,30);
INSERT INTO "quote_tag" VALUES(5,7);
INSERT INTO "quote_tag" VALUES(7,9);
INSERT INTO "quote_tag" VALUES(8,9);
INSERT INTO "quote_tag" VALUES(9,5);
INSERT INTO "quote_tag" VALUES(10,5);
INSERT INTO "quote_tag" VALUES(5,17);
INSERT INTO "quote_tag" VALUES(6,7);
INSERT INTO "quote_tag" VALUES(6,17);
INSERT INTO "quote_tag" VALUES(11,2);
INSERT INTO "quote_tag" VALUES(13,2);
INSERT INTO "quote_tag" VALUES(13,5);
INSERT INTO "quote_tag" VALUES(14,2);
INSERT INTO "quote_tag" VALUES(14,5);
INSERT INTO "quote_tag" VALUES(15,2);
INSERT INTO "quote_tag" VALUES(16,2);
INSERT INTO "quote_tag" VALUES(12,2);
INSERT INTO "quote_tag" VALUES(13,32);
INSERT INTO "quote_tag" VALUES(16,35);
INSERT INTO "quote_tag" VALUES(15,34);
INSERT INTO "quote_tag" VALUES(14,33);
INSERT INTO "quote_tag" VALUES(12,31);
INSERT INTO "quote_tag" VALUES(11,36);
INSERT INTO "quote_tag" VALUES(17,7);
INSERT INTO "quote_tag" VALUES(19,7);
INSERT INTO "quote_tag" VALUES(18,7);
INSERT INTO "quote_tag" VALUES(20,5);
INSERT INTO "quote_tag" VALUES(21,5);
INSERT INTO "quote_tag" VALUES(21,17);
INSERT INTO "quote_tag" VALUES(22,7);
INSERT INTO "quote_tag" VALUES(22,5);
INSERT INTO "quote_tag" VALUES(22,17);
INSERT INTO "quote_tag" VALUES(21,7);
INSERT INTO "quote_tag" VALUES(19,5);
INSERT INTO "quote_tag" VALUES(20,7);
INSERT INTO "quote_tag" VALUES(17,37);
INSERT INTO "quote_tag" VALUES(18,38);
INSERT INTO "quote_tag" VALUES(23,3);
INSERT INTO "quote_tag" VALUES(25,2);
INSERT INTO "quote_tag" VALUES(26,2);
INSERT INTO "quote_tag" VALUES(24,3);
INSERT INTO "quote_tag" VALUES(27,3);
INSERT INTO "quote_tag" VALUES(28,3);
INSERT INTO "quote_tag" VALUES(25,39);
INSERT INTO "quote_tag" VALUES(25,40);
INSERT INTO "quote_tag" VALUES(28,44);
INSERT INTO "quote_tag" VALUES(26,41);
INSERT INTO "quote_tag" VALUES(26,43);
INSERT INTO "quote_tag" VALUES(27,42);
INSERT INTO "quote_tag" VALUES(29,34);
INSERT INTO "quote_tag" VALUES(29,18);
INSERT INTO "quote_tag" VALUES(30,2);
INSERT INTO "quote_tag" VALUES(30,18);
INSERT INTO "quote_tag" VALUES(30,34);
INSERT INTO "quote_tag" VALUES(29,2);
INSERT INTO "quote_tag" VALUES(31,18);
INSERT INTO "quote_tag" VALUES(31,34);
INSERT INTO "quote_tag" VALUES(31,2);
INSERT INTO "quote_tag" VALUES(34,3);
INSERT INTO "quote_tag" VALUES(32,18);
INSERT INTO "quote_tag" VALUES(35,28);
INSERT INTO "quote_tag" VALUES(33,18);
INSERT INTO "quote_tag" VALUES(35,4);
INSERT INTO "quote_tag" VALUES(34,27);
INSERT INTO "quote_tag" VALUES(35,30);
INSERT INTO "quote_tag" VALUES(30,45);
INSERT INTO "quote_tag" VALUES(29,47);
INSERT INTO "quote_tag" VALUES(31,46);
INSERT INTO "quote_tag" VALUES(1,27);
INSERT INTO "quote_tag" VALUES(1,3);
INSERT INTO "quote_tag" VALUES(50,1);
INSERT INTO "quote_tag" VALUES(52,29);
INSERT INTO "quote_tag" VALUES(50,29);
INSERT INTO "quote_tag" VALUES(51,51);
INSERT INTO "quote_tag" VALUES(54,49);
INSERT INTO "quote_tag" VALUES(53,5);
INSERT INTO "quote_tag" VALUES(55,49);
INSERT INTO "quote_tag" VALUES(52,1);
INSERT INTO "quote_tag" VALUES(54,1);
INSERT INTO "quote_tag" VALUES(51,54);
INSERT INTO "quote_tag" VALUES(55,48);
INSERT INTO "quote_tag" VALUES(56,54);
INSERT INTO "quote_tag" VALUES(54,48);
INSERT INTO "quote_tag" VALUES(55,1);
INSERT INTO "quote_tag" VALUES(56,51);
INSERT INTO "quote_tag" VALUES(51,1);
INSERT INTO "quote_tag" VALUES(56,52);
INSERT INTO "quote_tag" VALUES(51,52);
INSERT INTO "quote_tag" VALUES(56,1);
INSERT INTO "quote_tag" VALUES(57,48);
INSERT INTO "quote_tag" VALUES(61,48);
INSERT INTO "quote_tag" VALUES(62,5);
INSERT INTO "quote_tag" VALUES(57,1);
INSERT INTO "quote_tag" VALUES(63,1);
INSERT INTO "quote_tag" VALUES(64,5);
INSERT INTO "quote_tag" VALUES(65,5);
INSERT INTO "quote_tag" VALUES(61,1);
INSERT INTO "quote_tag" VALUES(63,48);
INSERT INTO "quote_tag" VALUES(57,64);
INSERT INTO "quote_tag" VALUES(59,65);
INSERT INTO "quote_tag" VALUES(60,66);
INSERT INTO "quote_tag" VALUES(61,68);
INSERT INTO "quote_tag" VALUES(58,69);
INSERT INTO "quote_tag" VALUES(59,70);
INSERT INTO "quote_tag" VALUES(63,72);
INSERT INTO "quote_tag" VALUES(58,71);
INSERT INTO "quote_tag" VALUES(60,67);
INSERT INTO "quote_tag" VALUES(66,5);
INSERT INTO "quote_tag" VALUES(66,73);
INSERT INTO "quote_tag" VALUES(66,32);
INSERT INTO "quote_tag" VALUES(67,5);
INSERT INTO "quote_tag" VALUES(67,73);
INSERT INTO "quote_tag" VALUES(67,32);
INSERT INTO "quote_tag" VALUES(68,5);
INSERT INTO "quote_tag" VALUES(68,73);
INSERT INTO "quote_tag" VALUES(68,32);
INSERT INTO "quote_tag" VALUES(69,7);
INSERT INTO "quote_tag" VALUES(70,7);
INSERT INTO "quote_tag" VALUES(71,7);
INSERT INTO "quote_tag" VALUES(72,2);
INSERT INTO "quote_tag" VALUES(72,74);
INSERT INTO "quote_tag" VALUES(72,75);
INSERT INTO "quote_tag" VALUES(73,2);
INSERT INTO "quote_tag" VALUES(73,74);
INSERT INTO "quote_tag" VALUES(73,75);
INSERT INTO "quote_tag" VALUES(74,2);
INSERT INTO "quote_tag" VALUES(74,74);
INSERT INTO "quote_tag" VALUES(74,75);
DROP TABLE IF EXISTS "tag";
CREATE TABLE tag (
            id INTEGER PRIMARY KEY AUTOINCREMENT,
            name TEXT NOT NULL,
            description TEXT
          );
INSERT INTO "tag" VALUES(1,'love','Popular tag: love');
INSERT INTO "tag" VALUES(2,'inspiration','Popular tag: inspiration');
INSERT INTO "tag" VALUES(3,'life','Popular tag: life');
INSERT INTO "tag" VALUES(4,'humor','Popular tag: humor');
INSERT INTO "tag" VALUES(5,'philosophy','Popular tag: philosophy');
INSERT INTO "tag" VALUES(6,'truth','Popular tag: truth');
INSERT INTO "tag" VALUES(7,'wisdom','Popular tag: wisdom');
INSERT INTO "tag" VALUES(8,'god','Popular tag: god');
INSERT INTO "tag" VALUES(9,'happiness','Popular tag: happiness');
INSERT INTO "tag" VALUES(10,'hope','Popular tag: hope');
INSERT INTO "tag" VALUES(11,'romance','Popular tag: romance');
INSERT INTO "tag" VALUES(12,'death','Popular tag: death');
INSERT INTO "tag" VALUES(13,'poetry','Popular tag: poetry');
INSERT INTO "tag" VALUES(14,'faith','Popular tag: faith');
INSERT INTO "tag" VALUES(15,'writing','Popular tag: writing');
INSERT INTO "tag" VALUES(16,'religion','Popular tag: religion');
INSERT INTO "tag" VALUES(17,'knowledge','Popular tag: knowledge');
INSERT INTO "tag" VALUES(18,'success','Popular tag: success');
INSERT INTO "tag" VALUES(19,'education','Popular tag: education');
INSERT INTO "tag" VALUES(20,'relationships','Popular tag: relationships');
INSERT INTO "tag" VALUES(21,'funny','Popular tag: funny');
INSERT INTO "tag" VALUES(22,'science','Popular tag: science');
INSERT INTO "tag" VALUES(23,'books','Popular tag: books');
INSERT INTO "tag" VALUES(24,'motivation','Popular tag: motivation');
INSERT INTO "tag" VALUES(25,'spiritual','Popular tag: spiritual');
INSERT INTO "tag" VALUES(26,'fear','Popular tag: fear');
INSERT INTO "tag" VALUES(27,'optimism',NULL);
INSERT INTO "tag" VALUES(28,'universe',NULL);
INSERT INTO "tag" VALUES(29,'trust',NULL);
INSERT INTO "tag" VALUES(30,'human',NULL);
INSERT INTO "tag" VALUES(31,'honesty',NULL);
INSERT INTO "tag" VALUES(32,'music',NULL);
INSERT INTO "tag" VALUES(34,'failure',NULL);
INSERT INTO "tag" VALUES(36,'honesty',NULL);
INSERT INTO "tag" VALUES(37,'confidence',NULL);
INSERT INTO "tag" VALUES(39,'imagination',NULL);
INSERT INTO "tag" VALUES(40,'art',NULL);
INSERT INTO "tag" VALUES(42,'peace',NULL);
INSERT INTO "tag" VALUES(45,'courage',NULL);
INSERT INTO "tag" VALUES(48,'friendship',NULL);
INSERT INTO "tag" VALUES(49,'friend',NULL);
INSERT INTO "tag" VALUES(50,'friendship',NULL);
INSERT INTO "tag" VALUES(51,'darkness',NULL);
INSERT INTO "tag" VALUES(52,'hate',NULL);
INSERT INTO "tag" VALUES(53,'friend',NULL);
INSERT INTO "tag" VALUES(54,'light',NULL);
INSERT INTO "tag" VALUES(55,'hate',NULL);
INSERT INTO "tag" VALUES(56,'darkness',NULL);
INSERT INTO "tag" VALUES(57,'light',NULL);
INSERT INTO "tag" VALUES(64,'marriage',NULL);
INSERT INTO "tag" VALUES(65,'liyng',NULL);
INSERT INTO "tag" VALUES(66,'lie',NULL);
INSERT INTO "tag" VALUES(73,'dance',NULL);
INSERT INTO "tag" VALUES(74,'change',NULL);
INSERT INTO "tag" VALUES(75,'action',NULL);
